<data><row><id>0</id><name>Professor One</name><power>Earthquake generation</power><weapon>Laser Pointer</weapon><transportation>Binary Cow</transportation></row>
<row><id>1</id><name>Bat Worm</name><power>Super Speed</power><weapon>Worm belt</weapon><transportation>Bat taxi</transportation></row>
<row><id>2</id><name>Millennium Panther</name><power>Death Breath</power><weapon>Panther Bullets</weapon><transportation>Panther Submarine</transportation></row>
<row><id>3</id><name>Lightning Guardian</name><power>Electric Toe</power><weapon>Guardian Missles</weapon><transportation>Guardian Moped</transportation></row>
<row><id>4</id><name>Yak-Bot</name><power>Super Yurt</power><weapon>Yakbutter flamethrower</weapon><transportation>Yak Dirigible</transportation></row>
</data>